project	path	manifest_revision	checkout_commit
hal_espressif	modules/hal/espressif	21ff951cc2ca1c3ae6a096a4f9bc3b7f2f2c5409	21ff951cc2ca1c3ae6a096a4f9bc3b7f2f2c5409
hal_st	modules/hal/st	9f81b4427e955885398805b7bca0da3a8cd9109c	9f81b4427e955885398805b7bca0da3a8cd9109c
acpica	modules/lib/acpica	8d24867bc9c9d81c81eeac59391cda59333affd4	8d24867bc9c9d81c81eeac59391cda59333affd4
cmsis	modules/hal/cmsis	4b96cbb174678dcd3ca86e11e1f24bc5f8726da0	4b96cbb174678dcd3ca86e11e1f24bc5f8726da0
cmsis-dsp	modules/lib/cmsis-dsp	d80a49b2bb186317dc1db4ac88da49c0ab77e6e7	d80a49b2bb186317dc1db4ac88da49c0ab77e6e7
cmsis-nn	modules/lib/cmsis-nn	ea987c1ca661be723de83bd159aed815d6cbd430	ea987c1ca661be723de83bd159aed815d6cbd430
cmsis_6	modules/lib/cmsis_6	783317a3072554acbac86cca2ff24928cbf98d30	783317a3072554acbac86cca2ff24928cbf98d30
edtt	tools/edtt	b9ca3c7030518f07b7937dacf970d37a47865a76	b9ca3c7030518f07b7937dacf970d37a47865a76
fatfs	modules/fs/fatfs	427159bf95ea49b7680facffaa29ad506b42709b	427159bf95ea49b7680facffaa29ad506b42709b
littlefs	modules/fs/littlefs	009bcff0ed4853a53df8256039fa815bda6854dd	009bcff0ed4853a53df8256039fa815bda6854dd
lvgl	modules/lib/gui/lvgl	2b498e6f36d6b82ae1da12c8b7742e318624ecf5	2b498e6f36d6b82ae1da12c8b7742e318624ecf5
mbedtls	modules/crypto/mbedtls	4952e1328529ee549d412b498ea71c54f30aa3b1	4952e1328529ee549d412b498ea71c54f30aa3b1
mcuboot	bootloader/mcuboot	5d6471bac184c8accaeeb0efcfad8dd35225a28d	5d6471bac184c8accaeeb0efcfad8dd35225a28d
mipi-sys-t	modules/debug/mipi-sys-t	71ace1f5caa03e56c8740a09863e685efb4b2360	71ace1f5caa03e56c8740a09863e685efb4b2360
net-tools	tools/net-tools	93acc8bac4661e74e695eb1aea94c7c5262db2e2	93acc8bac4661e74e695eb1aea94c7c5262db2e2
open-amp	modules/lib/open-amp	52bb1783521c62c019451cee9b05b8eda9d7425f	52bb1783521c62c019451cee9b05b8eda9d7425f
openthread	modules/lib/openthread	2aeb8b833ba760ec29d5f340dd1ce7bcb61c5d56	2aeb8b833ba760ec29d5f340dd1ce7bcb61c5d56
percepio	modules/debug/percepio	b68d17993109b9bee6b45dc8c9794e7b7bce236d	b68d17993109b9bee6b45dc8c9794e7b7bce236d
picolibc	modules/lib/picolibc	d492d5fa7c96918e37653f303028346bb0dd51a2	d492d5fa7c96918e37653f303028346bb0dd51a2
tinycrypt	modules/crypto/tinycrypt	1012a3ebee18c15ede5efc8332ee2fc37817670f	1012a3ebee18c15ede5efc8332ee2fc37817670f
eigen_headers	modules/lib/eigen	68f4e58cfacc686583d16cff90361f0b43bc2c1b	68f4e58cfacc686583d16cff90361f0b43bc2c1b
muriscv-nn	modules/lib/muriscv-nn	e17d4c79d9bd81008bdc4012f15d0ae9d4c0a032	e17d4c79d9bd81008bdc4012f15d0ae9d4c0a032
xnnpack	modules/lib/xnnpack	zephyr	972e9debc9472de4671407473e58a27f75a9da4d
executorch	modules/lib/executorch	zephyr	70d6acc487041189ae3189f6b5eb4dabc5d0e5dc
